{"meta": {"version": "5.0.4", "timestamp": "2020-04-21T04:55:20.675643", "branch_coverage": false, "show_contexts": false}, "files": {"tagger_framework/__init__.py": {"executed_lines": [4], "summary": {"covered_lines": 1, "num_statements": 1, "percent_covered": 100.0, "missing_lines": 0, "excluded_lines": 0}, "missing_lines": [], "excluded_lines": []}, "tagger_framework/tagger/pos/evaluation.py": {"executed_lines": [4, 5, 8, 23, 24, 26, 27, 29, 31, 32, 33, 34, 36, 37, 39, 40, 42], "summary": {"covered_lines": 17, "num_statements": 17, "percent_covered": 100.0, "missing_lines": 0, "excluded_lines": 0}, "missing_lines": [], "excluded_lines": []}, "tagger_framework/tagger/pos/model_template.py": {"executed_lines": [4, 5, 6, 9, 10, 21, 22, 23, 25, 26, 35, 47, 48, 51, 61, 67, 69, 70, 78, 79, 105, 106, 121, 122, 133, 134, 142, 143], "summary": {"covered_lines": 28, "num_statements": 46, "percent_covered": 60.869565217391305, "missing_lines": 18, "excluded_lines": 0}, "missing_lines": [32, 44, 62, 63, 64, 65, 76, 97, 98, 101, 102, 103, 119, 129, 130, 131, 140, 149], "excluded_lines": []}, "tagger_framework/tagger/pos/v1/model.py": {"executed_lines": [4, 5, 6, 7, 8, 9, 10, 11, 14, 19, 20, 21, 22, 23, 26, 27, 36, 37, 39, 40, 43, 45, 46, 47, 51, 54, 69, 70, 85, 91, 92, 94, 112, 115, 116, 119, 132, 134, 135, 137, 138, 141, 143, 154, 156, 158, 167, 168, 170, 179, 180, 182], "summary": {"covered_lines": 52, "num_statements": 59, "percent_covered": 88.13559322033899, "missing_lines": 7, "excluded_lines": 0}, "missing_lines": [41, 44, 63, 113, 117, 155, 181], "excluded_lines": []}, "tagger_framework/tagger/pos/v2/model.py": {"executed_lines": [4, 5, 6, 7, 8, 9, 10, 11, 12, 17, 18, 19, 20, 21, 24, 25, 34, 35, 37, 38, 41, 43, 44, 45, 49, 52, 67, 68, 74, 75, 77, 95, 98, 101, 102, 105, 118, 120, 121, 123, 124, 127, 129, 140, 142, 144, 153, 154, 156, 165, 166, 168], "summary": {"covered_lines": 52, "num_statements": 59, "percent_covered": 88.13559322033899, "missing_lines": 7, "excluded_lines": 0}, "missing_lines": [39, 42, 61, 96, 103, 141, 167], "excluded_lines": []}, "tagger_framework/tagger/pos/v3/model.py": {"executed_lines": [4, 5, 6, 7, 8, 9, 10, 11, 12, 13, 14, 15, 16, 17, 18, 19, 20, 23, 28, 31, 34, 35, 36, 37, 38, 41, 43, 45, 48, 49, 55, 56, 57, 58, 59, 60, 65, 67, 70, 75, 86, 87, 98, 106, 121, 122, 169, 180, 181, 183, 185, 203, 207, 208, 211, 213, 215, 217, 218, 220, 222, 230, 233, 236, 251, 261, 262, 265, 279, 294, 295, 296, 299, 301, 304, 305, 307, 310, 311, 312, 314, 317, 318, 319, 321, 324, 326, 336, 345, 346, 347, 349, 352, 357, 366, 367, 369, 378, 379, 381, 382, 384], "summary": {"covered_lines": 102, "num_statements": 121, "percent_covered": 84.29752066115702, "missing_lines": 19, "excluded_lines": 0}, "missing_lines": [68, 77, 78, 80, 81, 82, 83, 115, 182, 204, 238, 239, 240, 241, 242, 243, 244, 263, 350], "excluded_lines": []}, "tagger_framework/utils/io_fs.py": {"executed_lines": [4, 5, 6, 7, 10, 23, 24, 28, 29, 34, 57, 67, 68, 69, 70, 75, 86, 87, 88], "summary": {"covered_lines": 19, "num_statements": 35, "percent_covered": 54.285714285714285, "missing_lines": 16, "excluded_lines": 0}, "missing_lines": [25, 26, 30, 31, 46, 47, 48, 49, 51, 52, 53, 54, 71, 72, 89, 90], "excluded_lines": []}, "tagger_framework/utils/logger.py": {"executed_lines": [4, 5, 6, 9, 10, 19, 23, 24, 25, 27, 32], "summary": {"covered_lines": 11, "num_statements": 21, "percent_covered": 52.38095238095238, "missing_lines": 10, "excluded_lines": 0}, "missing_lines": [30, 45, 46, 47, 48, 49, 50, 52, 53, 54], "excluded_lines": []}}, "totals": {"covered_lines": 282, "num_statements": 359, "percent_covered": 78.55153203342618, "missing_lines": 77, "excluded_lines": 0}}