{"meta": {"version": "5.0.4", "timestamp": "2020-04-22T02:26:01.937231", "branch_coverage": false, "show_contexts": false}, "files": {"tagger_framework/__init__.py": {"executed_lines": [4], "summary": {"covered_lines": 1, "num_statements": 1, "percent_covered": 100.0, "missing_lines": 0, "excluded_lines": 0}, "missing_lines": [], "excluded_lines": []}, "tagger_framework/tagger/pos/evaluation.py": {"executed_lines": [4, 5, 8, 29, 30, 32, 33, 35, 37, 38, 39, 40, 42, 43, 45, 46, 48, 49, 57], "summary": {"covered_lines": 19, "num_statements": 21, "percent_covered": 90.47619047619048, "missing_lines": 2, "excluded_lines": 0}, "missing_lines": [55, 56], "excluded_lines": []}, "tagger_framework/tagger/pos/model_template.py": {"executed_lines": [4, 5, 6, 7, 8, 11, 12, 24, 25, 27, 28, 31, 32, 36, 38, 39, 41, 44, 46, 49, 50, 52, 57, 59, 62, 63, 65, 71, 72, 83, 84, 85, 88, 100, 101, 111, 117, 119, 120, 128, 129, 153, 154, 167, 168, 178, 179, 187, 188], "summary": {"covered_lines": 49, "num_statements": 70, "percent_covered": 70.0, "missing_lines": 21, "excluded_lines": 0}, "missing_lines": [29, 42, 47, 60, 97, 112, 113, 114, 115, 126, 145, 146, 149, 150, 151, 165, 174, 175, 176, 185, 194], "excluded_lines": []}, "tagger_framework/tagger/pos/v1/model.py": {"executed_lines": [4, 5, 6, 7, 8, 9, 10, 11, 12, 15, 20, 21, 22, 23, 24, 27, 42, 45, 46, 61, 67, 68, 70, 86, 89, 90, 93, 104, 105, 107, 109, 112, 113, 115, 118, 119, 121, 124, 126, 137, 139, 141, 150, 151, 153, 162], "summary": {"covered_lines": 46, "num_statements": 50, "percent_covered": 92.0, "missing_lines": 4, "excluded_lines": 0}, "missing_lines": [36, 87, 91, 138], "excluded_lines": []}, "tagger_framework/tagger/pos/v2/model.py": {"executed_lines": [4, 5, 6, 7, 8, 9, 10, 11, 12, 15, 20, 21, 22, 23, 24, 27, 42, 45, 46, 52, 53, 55, 71, 74, 77, 78, 81, 92, 93, 95, 97, 100, 101, 103, 106, 107, 109, 112, 114, 125, 127, 129, 138, 139, 141, 150], "summary": {"covered_lines": 46, "num_statements": 50, "percent_covered": 92.0, "missing_lines": 4, "excluded_lines": 0}, "missing_lines": [36, 72, 79, 126], "excluded_lines": []}, "tagger_framework/tagger/pos/v3/model.py": {"executed_lines": [4, 5, 6, 7, 8, 9, 10, 11, 12, 13, 14, 15, 16, 17, 18, 19, 20, 23, 28, 31, 34, 35, 36, 37, 38, 41, 43, 45, 48, 49, 55, 56, 57, 58, 59, 60, 65, 67, 70, 75, 86, 87, 98, 106, 121, 122, 169, 180, 181, 183, 185, 201, 205, 206, 209, 211, 213, 215, 216, 218, 220, 226, 229, 232, 247, 259, 260, 263, 275, 290, 291, 292, 295, 297, 300, 301, 303, 304, 305, 307, 308, 309, 311, 313, 323, 332, 333, 334, 336, 339, 344, 353, 354, 356, 365, 367, 368, 370], "summary": {"covered_lines": 98, "num_statements": 117, "percent_covered": 83.76068376068376, "missing_lines": 19, "excluded_lines": 0}, "missing_lines": [68, 77, 78, 80, 81, 82, 83, 115, 182, 202, 234, 235, 236, 237, 238, 239, 240, 261, 337], "excluded_lines": []}, "tagger_framework/utils/io_fs.py": {"executed_lines": [4, 5, 6, 7, 10, 25, 26, 29, 33, 34, 39, 62, 74, 75, 76, 83, 94, 95, 96], "summary": {"covered_lines": 19, "num_statements": 40, "percent_covered": 47.5, "missing_lines": 21, "excluded_lines": 0}, "missing_lines": [27, 30, 31, 35, 36, 51, 52, 53, 54, 56, 57, 58, 59, 77, 78, 79, 80, 97, 98, 99, 100], "excluded_lines": []}, "tagger_framework/utils/logger.py": {"executed_lines": [4, 5, 6, 9, 10, 19, 23, 24, 25, 27, 32], "summary": {"covered_lines": 11, "num_statements": 21, "percent_covered": 52.38095238095238, "missing_lines": 10, "excluded_lines": 0}, "missing_lines": [30, 45, 46, 47, 48, 49, 50, 52, 53, 54], "excluded_lines": []}}, "totals": {"covered_lines": 289, "num_statements": 370, "percent_covered": 78.10810810810811, "missing_lines": 81, "excluded_lines": 0}}