{"accuracy": 0.8401155488570711, "f1_micro": 0.8401155488570711, "f1_macro": 0.7760061444231559, "f1_weighted": 0.8349044937036907, "meta": {"model": {"version": "v2", "framework_version": "1.0.0"}, "data": {"relative_path": "UD_English-GUM/en_gum-ud-test.conllu", "volume": {"sentences_count": 890, "tags_count": 15924}}}}